Connection No,Reading,Date,Consumption,Bill,Members,,,
HOUSE_1,232,1/23/2016,127,2382.05,4,,,
HOUSE_1,249,2/20/2016,126,2134.9,4,,,
HOUSE_1,262,3/22/2016,187,4078.4,4,,,
HOUSE_1,278,4/30/2016,126,2200.96,4,,,
HOUSE_1,292,5/27/2016,127,2382.05,4,,,
HOUSE_1,298,6/21/2016,174,3886.05,4,,,
HOUSE_1,319,7/20/2016,173,3854.05,4,,,
HOUSE_1,352,8/19/2016,136,2446.4,4,,,
HOUSE_1,382,9/16/2016,176,4036.05,4,,,
HOUSE_1,401,10/14/2016,181,4261.05,4,,,
HOUSE_1,426,11/11/2016,203,4945.95,4,,,
HOUSE_1,456,12/13/2016,206,4928.4,4,,,
HOUSE_1,472,1/20/2017,224,6043.5,4,,,
HOUSE_1,472,2/19/2017,216,5683.5,4,,,
HOUSE_1,25,3/19/2017,215,5333.67,4,,,
HOUSE_1,51,4/13/2017,212,5860.6,4,,,
HOUSE_1,80,5/15/2017,227,6331.5,4,,,
HOUSE_1,100,6/17/2017,276,7925.85,4,,,
HOUSE_1,126,7/17/2017,241,6955.41,4,,,
HOUSE_1,132,8/15/2017,214,5898.6,4,,,
HOUSE_1,134,9/11/2017,234,6340.95,4,,,
HOUSE_1,134,10/12/2017,274,7378.4,4,,,
HOUSE_1,136,11/10/2017,151,3299.15,4,,,
HOUSE_1,151,12/9/2017,198,5026.05,4,,,
HOUSE_1,158,1/7/2018,202,4900.95,4,,,
HOUSE_1,172,2/10/2018,206,5386.05,4,,,
HOUSE_1,186,3/9/2018,205,5341.05,4,,,
HOUSE_1,207,4/11/2018,251,7029.68,4,,,
HOUSE_1,227,5/11/2018,307,9168.3,4,,,
HOUSE_1,243,6/12/2018,177,4538.7,4,,,
HOUSE_1,277,7/9/2018,250,6755.85,4,,,
HOUSE_1,277,8/6/2018,228,6223.5,4,,,
HOUSE_1,290,9/8/2018,175,4601.25,4,,,
HOUSE_1,321,10/5/2018,256,6873.3,4,,,
HOUSE_1,346,11/10/2018,240,7068.6,4,,,
HOUSE_1,362,12/10/2018,274,7378.4,4,,,
HOUSE_1,379,1/7/2019,123,2179.5,4,,,
HOUSE_1,396,2/9/2019,169,3129.65,4,,,
HOUSE_1,416,3/10/2019,131,2584.6,4,,,
HOUSE_1,433,4/8/2019,165,3448.95,4,,,
HOUSE_1,464,5/11/2019,169,3427.85,4,,,
HOUSE_1,503,6/16/2019,182,3769.3,4,,,
HOUSE_1,541,7/13/2019,342,11506.05,4,,,
HOUSE_1,577,8/9/2019,226,5828.4,4,,,
HOUSE_1,611,9/8/2019,168,4133.7,4,,,
HOUSE_1,656,10/12/2019,160,3512.6,4,,,
HOUSE_1,696,11/11/2019,239,6260.85,4,,,
HOUSE_1,739,12/15/2019,307,9168.3,4,,,
HOUSE_2,8,1/29/2016,98,1530.55,3,,,
HOUSE_2,8,2/27/2016,118,2028,3,,,
HOUSE_2,8,4/3/2016,130,2328.95,3,,,
HOUSE_2,56,5/7/2016,128,2200.95,3,,,
HOUSE_2,73,6/1/2016,146,2915.5,3,,,
HOUSE_2,86,7/1/2016,142,2712.95,3,,,
HOUSE_2,102,7/29/2016,163,3459.5,3,,,
HOUSE_2,116,8/28/2016,165,3523.5,3,,,
HOUSE_2,136,9/22/2016,163,3310.4,3,,,
HOUSE_2,157,10/20/2016,148,2979.5,3,,,
HOUSE_2,184,11/21/2016,138,2808.6,3,,,
HOUSE_2,204,12/23/2016,145,2659.88,3,,,
HOUSE_2,216,1/28/2017,80,769.6,3,,,
HOUSE_2,226,2/27/2017,97,1445.25,3,,,
HOUSE_2,230,3/26/2017,140,2350.75,3,,,
HOUSE_2,230,4/27/2017,96,1475.05,3,,,
HOUSE_2,230,5/27/2017,99,1500.75,3,,,
HOUSE_2,295,6/26/2017,127,2162.65,3,,,
HOUSE_2,313,7/28/2017,72,1269.45,3,,,
HOUSE_2,330,8/25/2017,131,2216.1,3,,,
HOUSE_2,347,9/21/2017,137,1922.2,3,,,
HOUSE_2,391,10/20/2017,99,1500.75,3,,,
HOUSE_2,421,11/19/2017,93,1449.35,3,,,
HOUSE_2,445,12/18/2017,115,1887.2,3,,,
HOUSE_2,475,1/13/2018,204,3355.05,3,,,
HOUSE_2,508,2/14/2018,134,2069.15,3,,,
HOUSE_2,536,3/18/2018,124,2079.45,3,,,
HOUSE_2,572,4/21/2018,133,2098.95,3,,,
HOUSE_2,587,5/24/2018,121,1996.15,3,,,
HOUSE_2,600,6/19/2018,110,1690.9,3,,,
HOUSE_2,614,7/16/2018,70,665.3,3,,,
HOUSE_2,637,8/16/2018,101,1441.15,3,,,
HOUSE_2,652,9/19/2018,151,2702.75,3,,,
HOUSE_2,670,10/19/2018,80,769.6,3,,,
HOUSE_2,692,11/19/2018,125,2318.05,3,,,
HOUSE_2,708,12/20/2018,235,6385.95,3,,,
HOUSE_2,722,1/16/2019,212,5860.6,3,,,
HOUSE_2,743,2/20/2019,325,9633.2,3,,,
HOUSE_2,761,3/21/2019,241,6955.41,3,,,
HOUSE_2,779,4/24/2019,237,7032.38,3,,,
HOUSE_2,796,5/20/2019,270,7808.4,3,,,
HOUSE_2,820,6/24/2019,225,6241.05,3,,,
HOUSE_2,836,7/22/2019,267,7368.3,3,,,
HOUSE_2,853,8/19/2019,224,6348.6,3,,,
HOUSE_2,881,9/19/2019,240,6763.5,3,,,
HOUSE_2,910,10/20/2019,236,6278.4,3,,,
HOUSE_2,924,11/20/2019,222,5953.5,3,,,
HOUSE_2,949,12/21/2019,273,7790.85,3,,,
HOUSE_3,876,1/30/2016,187,4836.15,3,,,
HOUSE_3,877,2/27/2016,252,7303.5,3,,,
HOUSE_3,880,4/3/2016,197,5896.36,3,,,
HOUSE_3,886,5/7/2016,247,6773.4,3,,,
HOUSE_3,894,6/1/2016,279,8213.4,3,,,
HOUSE_3,913,7/1/2016,253,7348.5,3,,,
HOUSE_3,929,7/29/2016,261,7708.5,3,,,
HOUSE_3,937,8/28/2016,248,7581.15,3,,,
HOUSE_3,944,9/22/2016,286,8986.05,3,,,
HOUSE_3,951,10/20/2016,251,7105.95,3,,,
HOUSE_3,960,11/21/2016,245,7293.6,3,,,
HOUSE_3,968,12/23/2016,236,6126.85,3,,,
HOUSE_3,981,1/28/2017,179,4323.6,3,,,
HOUSE_3,992,2/27/2017,200,4810.95,3,,,
HOUSE_3,1010,3/26/2017,192,4450.95,3,,,
HOUSE_3,1041,4/27/2017,220,5558.4,3,,,
HOUSE_3,1063,5/27/2017,188,4728.6,3,,,
HOUSE_3,1085,6/26/2017,212,4853.3,3,,,
HOUSE_3,1118,7/28/2017,192,4450.95,3,,,
HOUSE_3,1151,8/25/2017,193,4455.45,3,,,
HOUSE_3,1191,9/21/2017,203,4945.95,3,,,
HOUSE_3,1224,10/20/2017,201,5161.05,3,,,
HOUSE_3,1249,11/19/2017,127,5926.05,3,,,
HOUSE_3,1275,12/18/2017,126,,3,,,
HOUSE_3,1302,1/13/2018,187,,3,,,
HOUSE_3,1339,2/15/2018,126,,3,,,
HOUSE_3,1376,3/18/2018,127,,3,,,
HOUSE_3,1411,4/21/2018,174,,3,,,
HOUSE_3,1444,5/24/2018,173,,3,,,
HOUSE_3,1479,6/19/2018,136,,3,,,
HOUSE_3,1511,7/16/2018,176,,3,,,
HOUSE_3,1534,8/16/2018,181,,3,,,
HOUSE_3,1569,9/19/2018,203,,3,,,
HOUSE_3,1602,10/19/2018,206,,3,,,
HOUSE_3,1605,11/19/2018,224,,3,,,
HOUSE_3,1616,12/20/2018,216,,3,,,
HOUSE_3,1616,1/16/2019,215,,3,,,
HOUSE_3,1624,2/20/2019,212,,3,,,
HOUSE_3,1638,3/21/2019,227,,3,,,
HOUSE_3,1657,4/24/2019,276,,3,,,
HOUSE_3,1664,5/20/2019,241,,3,,,
HOUSE_3,1695,6/24/2019,214,,3,,,
HOUSE_3,1706,7/22/2019,234,,3,,,
HOUSE_3,1732,8/19/2019,274,,3,,,
HOUSE_3,1764,9/19/2019,151,,3,,,
HOUSE_3,1802,10/20/2019,198,,3,,,
HOUSE_3,1843,11/20/2019,202,,3,,,
HOUSE_3,1875,12/21/2019,206,,3,,,
HOUSE_4,1201,1/25/2016,205,,4,,,
HOUSE_4,1214,2/23/2016,251,,4,,,
HOUSE_4,1234,3/28/2016,307,,4,,,
HOUSE_4,1253,5/2/2016,177,,4,,,
HOUSE_4,1270,5/29/2016,250,,4,,,
HOUSE_4,1286,6/24/2016,228,,4,,,
HOUSE_4,1301,7/23/2016,175,,4,,,
HOUSE_4,1318,8/22/2016,256,,4,,,
HOUSE_4,1334,9/17/2016,240,,4,,,
HOUSE_4,1346,10/15/2016,274,,4,,,
HOUSE_4,1364,11/13/2016,123,,4,,,
HOUSE_4,1385,12/16/2016,169,,4,,,
HOUSE_4,1398,1/22/2017,131,,4,,,
HOUSE_4,1415,2/21/2017,165,,4,,,
HOUSE_4,1434,3/20/2017,169,,4,,,
HOUSE_4,1449,4/20/2017,182,,4,,,
HOUSE_4,1473,5/19/2017,342,,4,,,
HOUSE_4,1493,6/19/2017,226,,4,,,
HOUSE_4,1501,7/22/2017,168,,4,,,
HOUSE_4,1507,8/21/2017,160,,4,,,
HOUSE_4,1507,9/15/2017,239,,4,,,
HOUSE_4,28,10/14/2017,307,,4,,,
HOUSE_4,51,11/12/2017,98,,4,,,
HOUSE_4,76,12/11/2017,118,,4,,,
HOUSE_4,91,1/9/2018,130,,4,,,
HOUSE_4,121,2/11/2018,128,,4,,,
HOUSE_4,148,3/12/2018,146,,4,,,
HOUSE_4,172,4/10/2018,142,,4,,,
HOUSE_4,198,5/16/2018,163,,4,,,
HOUSE_4,224,6/15/2018,165,,4,,,
HOUSE_4,241,7/18/2018,163,,4,,,
HOUSE_4,271,8/14/2018,148,,4,,,
HOUSE_4,301,9/13/2018,138,,4,,,
HOUSE_4,331,10/14/2018,145,,4,,,
HOUSE_4,354,11/13/2018,80,,4,,,
HOUSE_4,379,12/14/2018,97,,4,,,
HOUSE_4,393,1/10/2019,140,,4,,,
HOUSE_4,413,2/11/2019,96,,4,,,
HOUSE_4,438,3/15/2019,99,,4,,,
HOUSE_4,468,4/13/2019,127,,4,,,
HOUSE_4,493,5/15/2019,72,,4,,,
HOUSE_4,521,6/21/2019,131,,4,,,
HOUSE_4,548,7/20/2019,137,,4,,,
HOUSE_4,571,8/14/2019,99,,4,,,
HOUSE_4,595,9/15/2019,93,,4,,,
HOUSE_4,621,10/16/2019,115,,4,,,
HOUSE_4,647,11/16/2019,204,,4,,,
HOUSE_4,672,12/19/2019,134,,4,,,
HOUSE_5,8,1/29/2016,124,,4,,,
HOUSE_5,8,2/25/2016,133,,4,,,
HOUSE_5,8,4/2/2016,121,,4,,,
HOUSE_5,8,5/4/2016,110,,4,,,
HOUSE_5,8,5/31/2016,70,,4,,,
HOUSE_5,10,6/28/2016,101,,4,,,
HOUSE_5,18,7/26/2016,151,,4,,,
HOUSE_5,26,8/27/2016,80,,4,,,
HOUSE_5,32,9/20/2016,125,,4,,,
HOUSE_5,42,10/18/2016,235,,4,,,
HOUSE_5,56,11/19/2016,212,,4,,,
HOUSE_5,62,12/20/2016,325,,4,,,
HOUSE_5,73,1/27/2017,241,,4,,,
HOUSE_5,85,2/27/2017,237,,4,,,
HOUSE_5,156,3/25/2017,270,,4,,,
HOUSE_5,181,4/24/2017,225,,4,,,
HOUSE_5,203,5/26/2017,267,,4,,,
HOUSE_5,232,6/25/2017,224,,4,,,
HOUSE_5,256,7/27/2017,240,,4,,,
HOUSE_5,280,8/24/2017,236,,4,,,
HOUSE_5,301,9/19/2017,222,,4,,,
HOUSE_5,328,10/19/2017,273,,4,,,
HOUSE_5,353,11/17/2017,187,,4,,,
HOUSE_5,372,12/17/2017,252,,4,,,
HOUSE_5,387,1/12/2018,197,,4,,,
HOUSE_5,427,2/15/2018,247,,4,,,
HOUSE_5,462,3/18/2018,279,,4,,,
HOUSE_5,504,4/21/2018,253,,4,,,
HOUSE_5,536,5/21/2018,261,,4,,,
HOUSE_5,575,6/18/2018,248,,4,,,
HOUSE_5,595,7/15/2018,286,,4,,,
HOUSE_5,632,8/15/2018,251,,4,,,
HOUSE_5,664,9/17/2018,245,,4,,,
HOUSE_5,697,10/17/2018,236,,4,,,
HOUSE_5,703,11/18/2018,179,,4,,,
HOUSE_5,707,12/18/2018,200,,4,,,
HOUSE_5,713,1/15/2019,192,,4,,,
HOUSE_5,716,2/19/2019,220,,4,,,
HOUSE_5,726,3/19/2019,188,,4,,,
HOUSE_5,734,4/21/2019,212,,4,,,
HOUSE_5,747,5/19/2019,192,,4,,,
HOUSE_5,761,6/23/2019,193,,4,,,
HOUSE_5,774,7/21/2019,203,,4,,,
HOUSE_5,787,8/18/2019,201,,4,,,
HOUSE_5,802,9/19/2019,127,,4,,,
HOUSE_5,815,10/19/2019,126,,4,,,
HOUSE_5,828,11/19/2019,187,,4,,,
HOUSE_5,842,12/20/2019,126,,4,,,
HOUSE_6,2093,1/25/2016,127,,4,,,
HOUSE_6,2133,2/23/2016,174,,4,,,
HOUSE_6,2173,3/28/2016,173,,4,,,
HOUSE_6,2240,5/2/2016,136,,4,,,
HOUSE_6,2278,5/29/2016,176,,4,,,
HOUSE_6,2314,6/24/2016,181,,4,,,
HOUSE_6,2357,7/23/2016,203,,4,,,
HOUSE_6,2396,8/22/2016,206,,4,,,
HOUSE_6,2435,9/17/2016,224,,4,,,
HOUSE_6,2474,10/15/2016,216,,4,,,
HOUSE_6,2509,11/13/2016,215,,4,,,
HOUSE_6,2554,12/16/2016,212,,4,,,
HOUSE_6,2605,1/22/2017,227,,4,,,
HOUSE_6,2641,2/21/2017,276,,4,,,
HOUSE_6,2678,3/20/2017,241,,4,,,
HOUSE_6,2715,4/20/2017,214,,4,,,
HOUSE_6,2758,5/19/2017,234,,4,,,
HOUSE_6,2803,6/19/2017,274,,4,,,
HOUSE_6,2848,7/22/2017,151,,4,,,
HOUSE_6,2886,8/21/2017,198,,4,,,
HOUSE_6,2921,9/15/2017,202,,4,,,
HOUSE_6,2949,10/14/2017,206,,4,,,
HOUSE_6,2986,11/12/2017,205,,4,,,
HOUSE_6,3023,12/11/2017,251,,4,,,
HOUSE_6,3052,1/9/2018,307,,4,,,
HOUSE_6,3085,2/11/2018,177,,4,,,
HOUSE_6,3114,3/12/2018,250,,4,,,
HOUSE_6,3151,4/10/2018,228,,4,,,
HOUSE_6,3192,5/16/2018,175,,4,,,
HOUSE_6,3235,6/15/2018,256,,4,,,
HOUSE_6,3274,7/18/2018,240,,4,,,
HOUSE_6,3312,8/14/2018,274,,4,,,
HOUSE_6,3350,9/14/2018,123,,4,,,
HOUSE_6,3398,10/15/2018,169,,4,,,
HOUSE_6,3439,11/13/2018,131,,4,,,
HOUSE_6,3473,12/14/2018,165,,4,,,
HOUSE_6,3510,1/10/2019,169,,4,,,
HOUSE_6,3555,2/11/2019,182,,4,,,
HOUSE_6,3595,3/15/2019,342,,4,,,
HOUSE_6,3632,4/13/2019,226,,4,,,
HOUSE_6,3670,5/15/2019,168,,4,,,
HOUSE_6,3708,6/21/2019,160,,4,,,
HOUSE_6,3736,7/20/2019,239,,4,,,
HOUSE_6,3761,8/14/2019,307,,4,,,
HOUSE_6,3793,9/15/2019,98,,4,,,
HOUSE_6,3826,10/16/2019,118,,4,,,
HOUSE_6,3857,11/16/2019,130,,4,,,
HOUSE_6,3888,12/19/2019,128,,4,,,
HOUSE_7,387,1/30/2016,146,,2,,,
HOUSE_7,396,2/28/2016,142,,2,,,
HOUSE_7,403,4/3/2016,163,,2,,,
HOUSE_7,414,5/8/2016,165,,2,,,
HOUSE_7,427,6/2/2016,163,,2,,,
HOUSE_7,435,7/2/2016,148,,2,,,
HOUSE_7,442,7/30/2016,138,,2,,,
HOUSE_7,450,8/29/2016,145,,2,,,
HOUSE_7,457,9/23/2016,80,,2,,,
HOUSE_7,463,10/21/2016,97,,2,,,
HOUSE_7,472,11/22/2016,140,,2,,,
HOUSE_7,480,12/24/2016,96,,2,,,
HOUSE_7,491,1/29/2017,99,,2,,,
HOUSE_7,502,2/28/2017,127,,2,,,
HOUSE_7,509,3/27/2017,72,,2,,,
HOUSE_7,520,4/28/2017,131,,2,,,
HOUSE_7,525,5/28/2017,137,,2,,,
HOUSE_7,532,6/27/2017,99,,2,,,
HOUSE_7,541,7/28/2017,93,,2,,,
HOUSE_7,548,8/25/2017,115,,2,,,
HOUSE_7,556,9/22/2017,204,,2,,,
HOUSE_7,563,10/22/2017,134,,2,,,
HOUSE_7,569,11/20/2017,124,,2,,,
HOUSE_7,576,12/18/2017,133,,2,,,
HOUSE_7,583,1/21/2018,121,,2,,,
HOUSE_7,589,2/15/2018,110,,2,,,
HOUSE_7,596,3/19/2018,70,,2,,,
HOUSE_7,606,4/22/2018,101,,2,,,
HOUSE_7,616,5/25/2018,151,,2,,,
HOUSE_7,621,6/20/2018,80,,2,,,
HOUSE_7,627,7/18/2018,125,,2,,,
HOUSE_7,634,8/16/2018,235,,2,,,
HOUSE_7,641,9/19/2018,212,,2,,,
HOUSE_7,648,10/19/2018,325,,2,,,
HOUSE_7,655,11/20/2018,241,,2,,,
HOUSE_7,661,12/21/2018,237,,2,,,
HOUSE_7,667,1/17/2019,270,,2,,,
HOUSE_7,676,2/21/2019,225,,2,,,
HOUSE_7,683,3/22/2019,267,,2,,,
HOUSE_7,693,4/25/2019,224,,2,,,
HOUSE_7,700,5/23/2019,240,,2,,,
HOUSE_7,709,6/24/2019,236,,2,,,
HOUSE_7,716,7/22/2019,222,,2,,,
HOUSE_7,725,8/22/2019,273,,2,,,
HOUSE_7,732,9/21/2019,187,,2,,,
HOUSE_7,739,10/21/2019,252,,2,,,
HOUSE_7,747,11/20/2019,197,,2,,,
HOUSE_7,755,12/21/2019,247,,2,,,
HOUSE_8,712,1/25/2016,279,,2,,,
HOUSE_8,718,2/23/2016,253,,2,,,
HOUSE_8,726,3/28/2016,261,,2,,,
HOUSE_8,733,5/2/2016,248,,2,,,
HOUSE_8,738,5/29/2016,286,,2,,,
HOUSE_8,744,6/24/2016,251,,2,,,
HOUSE_8,752,7/23/2016,245,,2,,,
HOUSE_8,758,8/22/2016,236,,2,,,
HOUSE_8,765,9/17/2016,179,,2,,,
HOUSE_8,771,10/15/2016,200,,2,,,
HOUSE_8,779,11/13/2016,192,,2,,,
HOUSE_8,781,12/16/2016,220,,2,,,
HOUSE_8,785,1/22/2017,188,,2,,,
HOUSE_8,789,2/21/2017,212,,2,,,
HOUSE_8,794,3/20/2017,192,,2,,,
HOUSE_8,800,4/20/2017,193,,2,,,
HOUSE_8,805,5/19/2017,203,,2,,,
HOUSE_8,813,6/19/2017,201,,2,,,
HOUSE_8,822,7/22/2017,127,,2,,,
HOUSE_8,831,8/21/2017,126,,2,,,
HOUSE_8,838,9/15/2017,187,,2,,,
HOUSE_8,847,10/14/2017,126,,2,,,
HOUSE_8,855,11/12/2017,127,,2,,,
HOUSE_8,864,12/11/2017,174,,2,,,
HOUSE_8,871,1/9/2018,173,,2,,,
HOUSE_8,880,2/11/2018,136,,2,,,
HOUSE_8,888,3/12/2018,176,,2,,,
HOUSE_8,897,4/10/2018,181,,2,,,
HOUSE_8,908,5/16/2018,203,,2,,,
HOUSE_8,917,6/15/2018,206,,2,,,
HOUSE_8,925,7/18/2018,224,,2,,,
HOUSE_8,929,8/14/2018,216,,2,,,
HOUSE_8,937,9/13/2018,215,,2,,,
HOUSE_8,945,10/14/2018,212,,2,,,
HOUSE_8,952,11/13/2018,227,,2,,,
HOUSE_8,959,12/14/2018,276,,2,,,
HOUSE_8,966,1/10/2019,241,,2,,,
HOUSE_8,975,2/11/2019,214,,2,,,
HOUSE_8,984,3/15/2019,234,,2,,,
HOUSE_8,991,4/13/2019,274,,2,,,
HOUSE_8,1014,5/15/2019,151,,2,,,
HOUSE_8,1025,6/21/2019,198,,2,,,
HOUSE_8,1031,7/20/2019,202,,2,,,
HOUSE_8,1037,8/14/2019,206,,2,,,
HOUSE_8,1044,9/15/2019,205,,2,,,
HOUSE_8,1051,10/16/2019,251,,2,,,
HOUSE_8,1057,11/16/2019,307,,2,,,
HOUSE_8,1064,12/19/2019,177,,2,,,
HOUSE_9,2306,1/16/2016,250,,2,,,
HOUSE_9,2321,2/16/2016,228,,2,,,
HOUSE_9,2338,3/18/2016,175,,2,,,
HOUSE_9,2355,4/13/2016,256,,2,,,
HOUSE_9,2371,5/20/2016,240,,2,,,
HOUSE_9,2387,6/20/2016,274,,2,,,
HOUSE_9,2400,7/21/2016,123,,2,,,
HOUSE_9,2413,8/21/2016,169,,2,,,
HOUSE_9,2424,9/16/2016,131,,2,,,
HOUSE_9,2436,10/17/2016,165,,2,,,
HOUSE_9,2447,11/18/2016,169,,2,,,
HOUSE_9,2456,12/16/2016,182,,2,,,
HOUSE_9,2470,1/20/2017,342,,2,,,
HOUSE_9,2479,2/18/2017,226,,2,,,
HOUSE_9,2496,3/17/2017,168,,2,,,
HOUSE_9,2507,4/12/2017,160,,2,,,
HOUSE_9,2522,5/16/2017,239,,2,,,
HOUSE_9,2535,6/16/2017,307,,2,,,
HOUSE_9,2547,7/17/2017,98,,2,,,
HOUSE_9,2557,8/12/2017,118,,2,,,
HOUSE_9,2567,9/10/2017,130,,2,,,
HOUSE_9,2580,10/8/2017,128,,2,,,
HOUSE_9,2592,11/8/2017,146,,2,,,
HOUSE_9,2602,12/8/2017,142,,2,,,
HOUSE_9,2613,1/8/2018,163,,2,,,
HOUSE_9,2627,2/10/2018,165,,2,,,
HOUSE_9,2639,3/9/2018,163,,2,,,
HOUSE_9,2650,4/7/2018,148,,2,,,
HOUSE_9,2666,5/6/2018,138,,2,,,
HOUSE_9,2678,6/7/2018,145,,2,,,
HOUSE_9,2689,7/7/2018,80,,2,,,
HOUSE_9,2701,8/7/2018,97,,2,,,
HOUSE_9,2709,9/8/2018,140,,2,,,
HOUSE_9,2727,10/12/2018,96,,2,,,
HOUSE_9,2740,11/9/2018,99,,2,,,
HOUSE_9,2766,12/9/2018,127,,2,,,
HOUSE_9,2783,1/8/2019,72,,2,,,
HOUSE_9,2800,2/11/2019,131,,2,,,
HOUSE_9,2814,3/11/2019,137,,2,,,
HOUSE_9,2832,4/10/2019,99,,2,,,
HOUSE_9,2849,5/12/2019,93,,2,,,
HOUSE_9,2876,6/14/2019,115,,2,,,
HOUSE_9,2891,7/12/2019,204,,2,,,
HOUSE_9,2909,8/10/2019,134,,2,,,
HOUSE_9,2927,9/10/2019,124,,2,,,
HOUSE_9,2948,10/12/2019,133,,2,,,
HOUSE_9,2973,11/9/2019,121,,2,,,
HOUSE_9,2998,12/9/2019,110,,2,,,
HOUSE_10,1252,1/16/2016,70,,3,,,
HOUSE_10,1270,2/16/2016,101,,3,,,
HOUSE_10,1303,3/18/2016,151,,3,,,
HOUSE_10,1318,4/13/2016,80,,3,,,
HOUSE_10,1339,5/20/2016,125,,3,,,
HOUSE_10,1355,6/20/2016,235,,3,,,
HOUSE_10,1370,7/21/2016,212,,3,,,
HOUSE_10,1388,8/21/2016,325,,3,,,
HOUSE_10,1404,9/16/2016,241,,3,,,
HOUSE_10,1423,10/17/2016,237,,3,,,
HOUSE_10,1436,11/15/2016,270,,3,,,
HOUSE_10,1450,12/14/2016,225,,3,,,
HOUSE_10,1468,1/19/2017,267,,3,,,
HOUSE_10,1476,2/18/2017,224,,3,,,
HOUSE_10,1476,3/17/2017,240,,3,,,
HOUSE_10,1476,4/12/2017,236,,3,,,
HOUSE_10,1476,5/16/2017,222,,3,,,
HOUSE_10,21,6/16/2017,273,,3,,,
HOUSE_10,51,7/17/2017,187,,3,,,
HOUSE_10,68,8/12/2017,252,,3,,,
HOUSE_10,87,9/10/2017,197,,3,,,
HOUSE_10,107,10/8/2017,247,,3,,,
HOUSE_10,128,11/8/2017,279,,3,,,
HOUSE_10,152,12/8/2017,253,,3,,,
HOUSE_10,172,1/8/2018,261,,3,,,
HOUSE_10,194,2/10/2018,248,,3,,,
HOUSE_10,214,3/9/2018,286,,3,,,
HOUSE_10,233,4/7/2018,251,,3,,,
HOUSE_10,254,5/6/2018,245,,3,,,
HOUSE_10,275,6/7/2018,236,,3,,,
HOUSE_10,295,7/7/2018,179,,3,,,
HOUSE_10,315,8/7/2018,200,,3,,,
HOUSE_10,348,9/8/2018,192,,3,,,
HOUSE_10,373,10/12/2018,220,,3,,,
HOUSE_10,392,11/9/2018,188,,3,,,
HOUSE_10,409,12/9/2018,212,,3,,,
HOUSE_10,429,1/8/2019,192,,3,,,
HOUSE_10,459,2/11/2019,193,,3,,,
HOUSE_10,477,3/11/2019,203,,3,,,
HOUSE_10,498,4/10/2019,201,,3,,,
HOUSE_10,520,5/12/2019,127,,3,,,
HOUSE_10,543,6/14/2019,126,,3,,,
HOUSE_10,564,7/12/2019,187,,3,,,
HOUSE_10,586,8/10/2019,126,,3,,,
HOUSE_10,614,9/10/2019,127,,3,,,
HOUSE_10,642,10/12/2019,174,,3,,,
HOUSE_10,675,11/9/2019,173,,3,,,
HOUSE_10,698,12/9/2019,136,,3,,,
HOUSE_11,2241,1/16/2016,176,,2,,,
HOUSE_11,2254,2/16/2016,181,,2,,,
HOUSE_11,8,3/16/2016,203,,2,,,
HOUSE_11,2288,4/13/2016,206,,2,,,
HOUSE_11,2313,5/20/2016,224,,2,,,
HOUSE_11,2331,6/20/2016,216,,2,,,
HOUSE_11,2347,7/18/2016,215,,2,,,
HOUSE_11,2363,8/21/2016,212,,2,,,
HOUSE_11,2377,9/16/2016,227,,2,,,
HOUSE_11,2393,10/17/2016,276,,2,,,
HOUSE_11,2405,11/15/2016,241,,2,,,
HOUSE_11,2416,12/14/2016,214,,2,,,
HOUSE_11,2432,1/19/2017,234,,2,,,
HOUSE_11,2444,2/18/2017,274,,2,,,
HOUSE_11,2458,3/17/2017,151,,2,,,
HOUSE_11,2473,4/12/2017,198,,2,,,
HOUSE_11,2490,5/16/2017,202,,2,,,
HOUSE_11,2500,6/16/2017,206,,2,,,
HOUSE_11,2520,7/17/2017,205,,2,,,
HOUSE_11,2538,8/12/2017,251,,2,,,
HOUSE_11,2552,9/10/2017,307,,2,,,
HOUSE_11,2568,10/8/2017,177,,2,,,
HOUSE_11,2582,11/8/2017,250,,2,,,
HOUSE_11,2595,12/8/2017,228,,2,,,
HOUSE_11,2615,1/8/2018,175,,2,,,
HOUSE_11,2633,2/10/2018,256,,2,,,
HOUSE_11,2648,3/9/2018,240,,2,,,
HOUSE_11,2666,4/7/2018,274,,2,,,
HOUSE_11,2688,5/6/2018,123,,2,,,
HOUSE_11,2703,6/7/2018,169,,2,,,
HOUSE_11,2722,7/7/2018,131,,2,,,
HOUSE_11,2709,8/7/2018,165,,2,,,
HOUSE_11,2710,9/8/2018,169,,2,,,
HOUSE_11,2727,10/12/2018,182,,2,,,
HOUSE_11,2713,11/9/2018,342,,2,,,
HOUSE_11,2714,12/9/2018,226,,2,,,
HOUSE_11,2716,1/8/2019,168,,2,,,
HOUSE_11,2726,2/11/2019,160,,2,,,
HOUSE_11,2726,3/11/2019,239,,2,,,
HOUSE_11,2731,4/10/2019,307,,2,,,
HOUSE_11,2747,5/12/2019,98,,2,,,
HOUSE_11,2767,6/14/2019,118,,2,,,
HOUSE_11,2787,7/12/2019,130,,2,,,
HOUSE_11,2809,8/10/2019,128,,2,,,
HOUSE_11,2832,9/10/2019,146,,2,,,
HOUSE_11,2857,10/12/2019,142,,2,,,
HOUSE_11,2879,11/9/2019,163,,2,,,
HOUSE_11,2908,12/9/2019,165,,2,,,
HOUSE_12,1123,1/14/2016,163,,4,,,
HOUSE_12,1123,2/15/2016,148,,4,,,
HOUSE_12,1123,3/18/2016,138,,4,,,
HOUSE_12,8,4/13/2016,145,,4,,,
HOUSE_12,1123,5/20/2016,80,,4,,,
HOUSE_12,8,6/20/2016,97,,4,,,
HOUSE_12,1123,7/21/2016,140,,4,,,
HOUSE_12,8,8/21/2016,96,,4,,,
HOUSE_12,1123,9/16/2016,99,,4,,,
HOUSE_12,11,10/15/2016,127,,4,,,
HOUSE_12,31,11/14/2016,72,,4,,,
HOUSE_12,42,12/14/2016,131,,4,,,
HOUSE_12,63,1/17/2017,137,,4,,,
HOUSE_12,80,2/15/2017,99,,4,,,
HOUSE_12,98,3/17/2017,93,,4,,,
HOUSE_12,115,4/12/2017,115,,4,,,
HOUSE_12,137,5/16/2017,204,,4,,,
HOUSE_12,157,6/15/2017,134,,4,,,
HOUSE_12,183,7/16/2017,124,,4,,,
HOUSE_12,203,8/12/2017,133,,4,,,
HOUSE_12,220,9/10/2017,121,,4,,,
HOUSE_12,245,10/8/2017,110,,4,,,
HOUSE_12,265,11/7/2017,70,,4,,,
HOUSE_12,279,12/8/2017,101,,4,,,
HOUSE_12,297,1/8/2018,151,,4,,,
HOUSE_12,321,2/9/2018,80,,4,,,
HOUSE_12,340,3/9/2018,125,,4,,,
HOUSE_12,369,4/7/2018,235,,4,,,
HOUSE_12,482,5/6/2018,212,,4,,,
HOUSE_12,506,6/7/2018,325,,4,,,
HOUSE_12,562,7/7/2018,241,,4,,,
HOUSE_12,505,8/7/2018,237,,4,,,
HOUSE_12,508,9/8/2018,270,,4,,,
HOUSE_12,508,10/12/2018,225,,4,,,
HOUSE_12,509,11/9/2018,267,,4,,,
HOUSE_12,509,12/9/2018,224,,4,,,
HOUSE_12,513,1/8/2019,240,,4,,,
HOUSE_12,513,2/11/2019,236,,4,,,
HOUSE_12,513,3/11/2019,222,,4,,,
HOUSE_12,514,4/10/2019,273,,4,,,
HOUSE_12,514,5/12/2019,187,,4,,,
HOUSE_12,584,6/14/2019,252,,4,,,
HOUSE_12,732,7/12/2019,197,,4,,,
HOUSE_12,732,8/10/2019,247,,4,,,
HOUSE_12,757,9/10/2019,279,,4,,,
HOUSE_12,782,10/11/2019,253,,4,,,
HOUSE_12,821,11/9/2019,261,,4,,,
HOUSE_12,867,12/9/2019,248,,4,,,
HOUSE_13,766,1/25/2016,286,,3,,,
HOUSE_13,787,2/22/2016,251,,3,,,
HOUSE_13,810,3/25/2016,245,,3,,,
HOUSE_13,849,5/2/2016,236,,3,,,
HOUSE_13,869,5/29/2016,179,,3,,,
HOUSE_13,896,6/24/2016,200,,3,,,
HOUSE_13,926,7/23/2016,192,,3,,,
HOUSE_13,955,8/22/2016,220,,3,,,
HOUSE_13,980,9/17/2016,188,,3,,,
HOUSE_13,1003,10/15/2016,212,,3,,,
HOUSE_13,1016,11/13/2016,192,,3,,,
HOUSE_13,1044,12/16/2016,193,,3,,,
HOUSE_13,1074,1/22/2017,203,,3,,,
HOUSE_13,1104,2/21/2017,201,,3,,,
HOUSE_13,1135,3/20/2017,127,,3,,,
HOUSE_13,1164,4/20/2017,126,,3,,,
HOUSE_13,1190,5/19/2017,187,,3,,,
HOUSE_13,1225,6/19/2017,126,,3,,,
HOUSE_13,1261,7/22/2017,127,,3,,,
HOUSE_13,1289,8/21/2017,174,,3,,,
HOUSE_13,1314,9/15/2017,173,,3,,,
HOUSE_13,1342,10/14/2017,136,,3,,,
HOUSE_13,1371,11/12/2017,176,,3,,,
HOUSE_13,1404,12/11/2017,181,,3,,,
HOUSE_13,1435,1/9/2018,203,,3,,,
HOUSE_13,1467,2/11/2018,206,,3,,,
HOUSE_13,1497,3/12/2018,224,,3,,,
HOUSE_13,1527,4/10/2018,216,,3,,,
HOUSE_13,1565,5/16/2018,215,,3,,,
HOUSE_13,1582,6/15/2018,212,,3,,,
HOUSE_13,1608,7/18/2018,227,,3,,,
HOUSE_13,1630,8/14/2018,276,,3,,,
HOUSE_13,1646,9/13/2018,241,,3,,,
HOUSE_13,1664,10/14/2018,214,,3,,,
HOUSE_13,1681,11/13/2018,234,,3,,,
HOUSE_13,1698,12/14/2018,274,,3,,,
HOUSE_13,1711,1/10/2019,151,,3,,,
HOUSE_13,1733,2/11/2019,198,,3,,,
HOUSE_13,1754,3/15/2019,202,,3,,,
HOUSE_13,1769,4/13/2019,206,,3,,,
HOUSE_13,1784,5/15/2019,205,,3,,,
HOUSE_13,1803,6/21/2019,251,,3,,,
HOUSE_13,1821,7/20/2019,307,,3,,,
HOUSE_13,1834,8/14/2019,177,,3,,,
HOUSE_13,1852,9/15/2019,250,,3,,,
HOUSE_13,1869,10/16/2019,228,,3,,,
HOUSE_13,1886,11/16/2019,175,,3,,,
HOUSE_13,1902,12/19/2019,256,,3,,,
HOUSE_14,1117,1/22/2016,240,,3,,,
HOUSE_14,1149,2/19/2016,274,,3,,,
HOUSE_14,1179,3/21/2016,123,,3,,,
HOUSE_14,1218,4/30/2016,169,,3,,,
HOUSE_14,1258,5/27/2016,131,,3,,,
HOUSE_14,1286,6/20/2016,165,,3,,,
HOUSE_14,1318,7/19/2016,169,,3,,,
HOUSE_14,1354,8/18/2016,182,,3,,,
HOUSE_14,1367,9/16/2016,342,,3,,,
HOUSE_14,1392,10/14/2016,226,,3,,,
HOUSE_14,1402,11/10/2016,168,,3,,,
HOUSE_14,1413,12/12/2016,160,,3,,,
HOUSE_14,1423,1/19/2017,239,,3,,,
HOUSE_14,1431,2/18/2017,307,,3,,,
HOUSE_14,1439,3/19/2017,98,,3,,,
HOUSE_14,1448,4/13/2017,118,,3,,,
HOUSE_14,1459,5/14/2017,130,,3,,,
HOUSE_14,1486,6/16/2017,128,,3,,,
HOUSE_14,1496,7/17/2017,146,,3,,,
HOUSE_14,1503,8/14/2017,142,,3,,,
HOUSE_14,1506,9/11/2017,163,,3,,,
HOUSE_14,1509,10/12/2017,165,,3,,,
HOUSE_14,1519,11/9/2017,163,,3,,,
HOUSE_14,1528,12/8/2017,148,,3,,,
HOUSE_14,1551,1/6/2018,138,,3,,,
HOUSE_14,1564,2/9/2018,145,,3,,,
HOUSE_14,1575,3/8/2018,80,,3,,,
HOUSE_14,1601,4/11/2018,97,,3,,,
HOUSE_14,1614,5/10/2018,140,,3,,,
HOUSE_14,1635,6/9/2018,96,,3,,,
HOUSE_14,1661,7/7/2018,99,,3,,,
HOUSE_14,1682,8/5/2018,127,,3,,,
HOUSE_14,1703,9/5/2018,72,,3,,,
HOUSE_14,1727,10/4/2018,131,,3,,,
HOUSE_14,1707,11/9/2018,137,,3,,,
HOUSE_14,1707,12/9/2018,99,,3,,,
HOUSE_14,1707,1/6/2019,93,,3,,,
HOUSE_14,19,2/8/2019,115,,3,,,
HOUSE_14,38,3/9/2019,204,,3,,,
HOUSE_14,46,4/7/2019,134,,3,,,
HOUSE_14,52,5/10/2019,124,,3,,,
HOUSE_14,64,6/15/2019,133,,3,,,
HOUSE_14,76,7/12/2019,121,,3,,,
HOUSE_14,84,8/8/2019,110,,3,,,
HOUSE_14,115,9/6/2019,70,,3,,,
HOUSE_14,141,10/11/2019,101,,3,,,
HOUSE_14,164,11/10/2019,151,,3,,,
HOUSE_14,191,12/15/2019,80,,3,,,
HOUSE_15,5032,1/25/2016,125,,4,,,
HOUSE_15,5053,2/22/2016,235,,4,,,
HOUSE_15,5074,3/25/2016,212,,4,,,
HOUSE_15,5095,5/2/2016,325,,4,,,
HOUSE_15,5119,5/29/2016,241,,4,,,
HOUSE_15,5143,6/24/2016,237,,4,,,
HOUSE_15,5167,7/23/2016,270,,4,,,
HOUSE_15,5189,8/22/2016,225,,4,,,
HOUSE_15,5208,9/17/2016,267,,4,,,
HOUSE_15,5233,10/15/2016,224,,4,,,
HOUSE_15,5249,11/13/2016,240,,4,,,
HOUSE_15,5273,12/16/2016,236,,4,,,
HOUSE_15,5298,1/22/2017,222,,4,,,
HOUSE_15,5330,2/21/2017,273,,4,,,
HOUSE_15,5353,3/20/2017,187,,4,,,
HOUSE_15,5384,4/20/2017,252,,4,,,
HOUSE_15,5408,5/19/2017,197,,4,,,
HOUSE_15,5437,6/19/2017,247,,4,,,
HOUSE_15,5470,7/22/2017,279,,4,,,
HOUSE_15,5499,8/21/2017,253,,4,,,
HOUSE_15,5520,9/15/2017,261,,4,,,
HOUSE_15,5544,10/14/2017,248,,4,,,
HOUSE_15,5566,11/12/2017,286,,4,,,
HOUSE_15,5592,12/11/2017,251,,4,,,
HOUSE_15,5610,1/9/2018,245,,4,,,
HOUSE_15,5623,2/11/2018,236,,4,,,
HOUSE_15,5623,3/12/2018,179,,4,,,
HOUSE_15,5623,4/10/2018,200,,4,,,
HOUSE_15,5623,5/16/2018,192,,4,,,
HOUSE_15,5623,6/15/2018,220,,4,,,
HOUSE_15,5623,7/18/2018,188,,4,,,
HOUSE_15,5623,8/14/2018,212,,4,,,
HOUSE_15,5623,9/13/2018,192,,4,,,
HOUSE_15,5623,10/14/2018,193,,4,,,
HOUSE_15,14,11/13/2018,203,,4,,,
HOUSE_15,34,12/14/2018,201,,4,,,
HOUSE_15,53,1/10/2019,127,,4,,,
HOUSE_15,66,2/11/2019,126,,4,,,
HOUSE_15,85,3/15/2019,187,,4,,,
HOUSE_15,104,4/13/2019,126,,4,,,
HOUSE_15,121,5/15/2019,127,,4,,,
HOUSE_15,144,6/21/2019,174,,4,,,
HOUSE_15,160,7/20/2019,173,,4,,,
HOUSE_15,174,8/14/2019,136,,4,,,
HOUSE_15,196,9/15/2019,176,,4,,,
HOUSE_15,212,10/16/2019,181,,4,,,
HOUSE_15,228,11/16/2019,203,,4,,,
HOUSE_15,246,12/19/2019,206,,4,,,
HOUSE_16,1273,1/25/2016,224,,4,,,
HOUSE_16,1306,2/23/2016,216,,4,,,
HOUSE_16,1338,3/28/2016,215,,4,,,
HOUSE_16,1377,5/2/2016,212,,4,,,
HOUSE_16,1407,5/29/2016,227,,4,,,
HOUSE_16,1438,6/24/2016,276,,4,,,
HOUSE_16,1471,7/23/2016,241,,4,,,
HOUSE_16,1502,8/22/2016,214,,4,,,
HOUSE_16,1534,9/17/2016,234,,4,,,
HOUSE_16,1570,10/15/2016,274,,4,,,
HOUSE_16,1593,11/13/2016,151,,4,,,
HOUSE_16,1593,12/16/2016,198,,4,,,
HOUSE_16,40,1/22/2017,202,,4,,,
HOUSE_16,70,2/21/2017,206,,4,,,
HOUSE_16,101,3/20/2017,205,,4,,,
HOUSE_16,134,4/20/2017,251,,4,,,
HOUSE_16,168,5/19/2017,307,,4,,,
HOUSE_16,198,6/19/2017,177,,4,,,
HOUSE_16,236,7/22/2017,250,,4,,,
HOUSE_16,269,8/21/2017,228,,4,,,
HOUSE_16,297,9/15/2017,175,,4,,,
HOUSE_16,330,10/14/2017,256,,4,,,
HOUSE_16,363,11/12/2017,240,,4,,,
HOUSE_16,396,12/11/2017,274,,4,,,
HOUSE_16,421,1/9/2018,123,,4,,,
HOUSE_16,459,2/11/2018,169,,4,,,
HOUSE_16,484,3/12/2018,131,,4,,,
HOUSE_16,519,4/10/2018,165,,4,,,
HOUSE_16,557,5/16/2018,169,,4,,,
HOUSE_16,585,6/15/2018,182,,4,,,
HOUSE_16,613,7/18/2018,342,,4,,,
HOUSE_16,635,8/14/2018,226,,4,,,
HOUSE_16,665,9/14/2018,168,,4,,,
HOUSE_16,696,10/15/2018,160,,4,,,
HOUSE_16,726,11/13/2018,239,,4,,,
HOUSE_16,746,12/14/2018,307,,4,,,
HOUSE_16,747,1/10/2019,98,,4,,,
HOUSE_16,768,2/11/2019,118,,4,,,
HOUSE_16,805,3/15/2019,130,,4,,,
HOUSE_16,832,4/13/2019,128,,4,,,
HOUSE_16,866,5/15/2019,146,,4,,,
HOUSE_16,913,6/21/2019,142,,4,,,
HOUSE_16,943,7/20/2019,163,,4,,,
HOUSE_16,970,8/14/2019,165,,4,,,
HOUSE_16,998,9/15/2019,163,,4,,,
HOUSE_16,1027,10/16/2019,148,,4,,,
HOUSE_16,1056,11/16/2019,138,,4,,,
HOUSE_16,1085,12/19/2019,145,,4,,,
HOUSE_17,238,1/27/2016,80,,2,,,
HOUSE_17,255,2/25/2016,97,,2,,,
HOUSE_17,272,3/30/2016,140,,2,,,
HOUSE_17,291,5/1/2016,96,,2,,,
HOUSE_17,307,5/31/2016,99,,2,,,
HOUSE_17,320,6/26/2016,127,,2,,,
HOUSE_17,335,7/25/2016,72,,2,,,
HOUSE_17,351,8/26/2016,131,,2,,,
HOUSE_17,363,9/19/2016,137,,2,,,
HOUSE_17,372,10/17/2016,99,,2,,,
HOUSE_17,385,11/15/2016,93,,2,,,
HOUSE_17,400,12/18/2016,115,,2,,,
HOUSE_17,420,1/24/2017,204,,2,,,
HOUSE_17,438,2/26/2017,134,,2,,,
HOUSE_17,452,3/23/2017,124,,2,,,
HOUSE_17,477,4/22/2017,133,,2,,,
HOUSE_17,488,5/22/2017,121,,2,,,
HOUSE_17,501,6/24/2017,110,,2,,,
HOUSE_17,513,7/24/2017,70,,2,,,
HOUSE_17,527,8/23/2017,101,,2,,,
HOUSE_17,537,9/16/2017,151,,2,,,
HOUSE_17,549,10/16/2017,80,,2,,,
HOUSE_17,562,11/13/2017,125,,2,,,
HOUSE_17,576,12/12/2017,235,,2,,,
HOUSE_17,531,1/10/2018,212,,2,,,
HOUSE_17,554,2/13/2018,325,,2,,,
HOUSE_17,568,3/16/2018,241,,2,,,
HOUSE_17,621,4/11/2018,237,,2,,,
HOUSE_17,635,5/17/2018,270,,2,,,
HOUSE_17,647,6/16/2018,225,,2,,,
HOUSE_17,659,7/19/2018,267,,2,,,
HOUSE_17,669,8/19/2018,224,,2,,,
HOUSE_17,707,9/16/2018,240,,2,,,
HOUSE_17,718,10/16/2018,236,,2,,,
HOUSE_17,695,11/16/2018,222,,2,,,
HOUSE_17,635,12/15/2018,273,,2,,,
HOUSE_17,635,1/11/2019,187,,2,,,
HOUSE_17,637,2/16/2019,252,,2,,,
HOUSE_17,643,3/17/2019,197,,2,,,
HOUSE_17,645,4/20/2019,247,,2,,,
HOUSE_17,652,5/17/2019,279,,2,,,
HOUSE_17,660,6/22/2019,253,,2,,,
HOUSE_17,666,7/21/2019,261,,2,,,
HOUSE_17,674,8/15/2019,248,,2,,,
HOUSE_17,681,9/17/2019,286,,2,,,
HOUSE_17,691,10/18/2019,251,,2,,,
HOUSE_17,700,11/18/2019,245,,2,,,
HOUSE_17,709,12/20/2019,236,,2,,,
HOUSE_18,8,1/26/2016,179,,4,,,
HOUSE_18,8,2/23/2016,200,,4,,,
HOUSE_18,838,3/28/2016,192,,4,,,
HOUSE_18,843,5/2/2016,220,,4,,,
HOUSE_18,873,5/30/2016,188,,4,,,
HOUSE_18,906,6/25/2016,212,,4,,,
HOUSE_18,906,7/24/2016,192,,4,,,
HOUSE_18,906,8/23/2016,193,,4,,,
HOUSE_18,906,9/18/2016,203,,4,,,
HOUSE_18,906,10/16/2016,201,,4,,,
HOUSE_18,906,11/14/2016,127,,4,,,
HOUSE_18,906,12/17/2016,126,,4,,,
HOUSE_18,906,1/23/2017,187,,4,,,
HOUSE_18,906,2/25/2017,126,,4,,,
HOUSE_18,906,3/22/2017,127,,4,,,
HOUSE_18,906,4/21/2017,174,,4,,,
HOUSE_18,906,5/21/2017,173,,4,,,
HOUSE_18,906,6/23/2017,136,,4,,,
HOUSE_18,906,7/23/2017,176,,4,,,
HOUSE_18,36,8/21/2017,181,,4,,,
HOUSE_18,74,9/15/2017,203,,4,,,
HOUSE_18,106,10/14/2017,206,,4,,,
HOUSE_18,141,11/12/2017,224,,4,,,
HOUSE_18,182,12/11/2017,216,,4,,,
HOUSE_18,214,1/10/2018,215,,4,,,
HOUSE_18,246,2/12/2018,212,,4,,,
HOUSE_18,268,3/15/2018,227,,4,,,
HOUSE_18,295,4/11/2018,276,,4,,,
HOUSE_18,332,5/17/2018,241,,4,,,
HOUSE_18,332,6/16/2018,214,,4,,,
HOUSE_18,359,7/19/2018,234,,4,,,
HOUSE_18,450,8/17/2018,274,,4,,,
HOUSE_18,469,9/14/2018,151,,4,,,
HOUSE_18,509,10/15/2018,198,,4,,,
HOUSE_18,555,11/16/2018,202,,4,,,
HOUSE_18,467,12/15/2018,206,,4,,,
HOUSE_18,467,1/11/2019,205,,4,,,
HOUSE_18,488,2/16/2019,251,,4,,,
HOUSE_18,571,3/16/2019,307,,4,,,
HOUSE_18,648,4/19/2019,177,,4,,,
HOUSE_18,683,5/17/2019,250,,4,,,
HOUSE_18,731,6/21/2019,228,,4,,,
HOUSE_18,787,7/20/2019,175,,4,,,
HOUSE_18,818,8/15/2019,256,,4,,,
HOUSE_18,854,9/16/2019,240,,4,,,
HOUSE_18,890,10/17/2019,274,,4,,,
HOUSE_18,927,11/17/2019,123,,4,,,
HOUSE_18,962,12/20/2019,169,,4,,,
HOUSE_19,78,1/25/2016,131,,3,,,
HOUSE_19,102,2/23/2016,165,,3,,,
HOUSE_19,126,3/28/2016,169,,3,,,
HOUSE_19,151,5/2/2016,182,,3,,,
HOUSE_19,175,5/30/2016,342,,3,,,
HOUSE_19,193,6/25/2016,226,,3,,,
HOUSE_19,218,7/24/2016,168,,3,,,
HOUSE_19,239,8/23/2016,160,,3,,,
HOUSE_19,266,9/18/2016,239,,3,,,
HOUSE_19,290,10/16/2016,307,,3,,,
HOUSE_19,313,11/13/2016,98,,3,,,
HOUSE_19,332,12/16/2016,118,,3,,,
HOUSE_19,355,1/22/2017,130,,3,,,
HOUSE_19,381,2/21/2017,128,,3,,,
HOUSE_19,407,3/20/2017,146,,3,,,
HOUSE_19,442,4/20/2017,142,,3,,,
HOUSE_19,466,5/19/2017,163,,3,,,
HOUSE_19,485,6/19/2017,165,,3,,,
HOUSE_19,513,7/22/2017,163,,3,,,
HOUSE_19,538,8/21/2017,148,,3,,,
HOUSE_19,557,9/15/2017,138,,3,,,
HOUSE_19,581,10/14/2017,145,,3,,,
HOUSE_19,609,11/12/2017,80,,3,,,
HOUSE_19,643,12/11/2017,97,,3,,,
HOUSE_19,674,1/9/2018,140,,3,,,
HOUSE_19,714,2/11/2018,96,,3,,,
HOUSE_19,748,3/12/2018,99,,3,,,
HOUSE_19,784,4/10/2018,127,,3,,,
HOUSE_19,829,5/16/2018,72,,3,,,
HOUSE_19,855,6/15/2018,131,,3,,,
HOUSE_19,889,7/18/2018,137,,3,,,
HOUSE_19,919,8/14/2018,99,,3,,,
HOUSE_19,953,9/14/2018,93,,3,,,
HOUSE_19,985,10/15/2018,115,,3,,,
HOUSE_19,1018,11/13/2018,204,,3,,,
HOUSE_19,1056,12/14/2018,134,,3,,,
HOUSE_19,1090,1/10/2019,124,,3,,,
HOUSE_19,1128,2/11/2019,133,,3,,,
HOUSE_19,1164,3/15/2019,121,,3,,,
HOUSE_19,1199,4/13/2019,110,,3,,,
HOUSE_19,1228,5/15/2019,70,,3,,,
HOUSE_19,1243,6/21/2019,101,,3,,,
HOUSE_19,1258,7/20/2019,151,,3,,,
HOUSE_19,1278,8/14/2019,80,,3,,,
HOUSE_19,1317,9/15/2019,125,,3,,,
HOUSE_19,1354,10/16/2019,235,,3,,,
HOUSE_19,1380,11/16/2019,212,,3,,,
HOUSE_19,1412,12/19/2019,325,,3,,,
HOUSE_20,8,1/29/2016,241,,0,,,
HOUSE_20,8,2/27/2016,237,,0,,,
HOUSE_20,8,4/3/2016,270,,0,,,
HOUSE_20,8,5/7/2016,225,,0,,,
HOUSE_20,8,6/1/2016,267,,0,,,
HOUSE_20,8,7/1/2016,224,,0,,,
HOUSE_20,8,7/29/2016,240,,0,,,
HOUSE_20,8,8/28/2016,236,,0,,,
HOUSE_20,8,9/22/2016,222,,0,,,
HOUSE_20,8,10/20/2016,273,,0,,,
HOUSE_20,8,11/21/2016,187,,0,,,
HOUSE_20,8,12/23/2016,252,,0,,,
HOUSE_20,8,1/28/2017,197,,0,,,
HOUSE_20,8,2/27/2017,247,,0,,,
HOUSE_20,8,3/26/2017,279,,0,,,
HOUSE_20,8,4/27/2017,253,,0,,,
HOUSE_20,8,5/27/2017,261,,0,,,
HOUSE_20,8,6/26/2017,248,,0,,,
HOUSE_20,8,7/28/2017,286,,0,,,
HOUSE_20,8,8/25/2017,251,,0,,,
HOUSE_20,8,9/21/2017,245,,0,,,
HOUSE_20,8,10/20/2017,236,,0,,,
HOUSE_20,8,11/19/2017,179,,0,,,
HOUSE_20,8,12/18/2017,200,,0,,,
HOUSE_20,8,1/12/2018,192,,0,,,
HOUSE_20,8,2/14/2018,220,,0,,,
HOUSE_20,8,3/15/2018,188,,0,,,
HOUSE_20,8,4/21/2018,212,,0,,,
HOUSE_20,8,5/21/2018,192,,0,,,
HOUSE_20,8,6/19/2018,193,,0,,,
HOUSE_20,8,7/16/2018,203,,0,,,
HOUSE_20,8,8/15/2018,201,,0,,,
HOUSE_20,8,9/17/2018,127,,0,,,
HOUSE_20,8,10/17/2018,126,,0,,,
HOUSE_20,8,11/19/2018,187,,0,,,
HOUSE_20,8,12/20/2018,126,,0,,,
HOUSE_20,8,1/16/2019,127,,0,,,
HOUSE_20,8,2/20/2019,174,,0,,,
HOUSE_20,8,3/21/2019,173,,0,,,
HOUSE_20,8,4/24/2019,136,,0,,,
HOUSE_20,8,5/20/2019,176,,0,,,
HOUSE_20,8,6/23/2019,181,,0,,,
HOUSE_20,8,7/22/2019,203,,0,,,
HOUSE_20,8,8/19/2019,206,,0,,,
HOUSE_20,8,9/19/2019,224,,0,,,
HOUSE_20,8,10/20/2019,216,,0,,,
HOUSE_20,8,11/20/2019,215,,0,,,
HOUSE_20,8,12/21/2019,212,,0,,,
HOUSE_21,192,1/26/2016,227,,1,,,
HOUSE_21,20,2/24/2016,276,,1,,,
HOUSE_21,31,3/30/2016,241,,1,,,
HOUSE_21,51,5/1/2016,214,,1,,,
HOUSE_21,67,5/30/2016,234,,1,,,
HOUSE_21,77,6/25/2016,274,,1,,,
HOUSE_21,96,7/24/2016,151,,1,,,
HOUSE_21,117,8/23/2016,198,,1,,,
HOUSE_21,137,9/18/2016,202,,1,,,
HOUSE_21,157,10/16/2016,206,,1,,,
HOUSE_21,178,11/14/2016,205,,1,,,
HOUSE_21,148,12/17/2016,251,,1,,,
HOUSE_21,171,1/23/2017,307,,1,,,
HOUSE_21,184,2/25/2017,177,,1,,,
HOUSE_21,198,3/22/2017,250,,1,,,
HOUSE_21,212,4/21/2017,228,,1,,,
HOUSE_21,226,5/21/2017,175,,1,,,
HOUSE_21,243,6/23/2017,256,,1,,,
HOUSE_21,260,7/23/2017,240,,1,,,
HOUSE_21,273,8/21/2017,274,,1,,,
HOUSE_21,288,9/15/2017,123,,1,,,
HOUSE_21,306,10/14/2017,169,,1,,,
HOUSE_21,323,11/12/2017,131,,1,,,
HOUSE_21,339,12/11/2017,165,,1,,,
HOUSE_21,347,1/10/2018,169,,1,,,
HOUSE_21,350,2/12/2018,182,,1,,,
HOUSE_21,358,3/16/2018,342,,1,,,
HOUSE_21,363,4/11/2018,226,,1,,,
HOUSE_21,375,5/17/2018,168,,1,,,
HOUSE_21,384,6/16/2018,160,,1,,,
HOUSE_21,404,7/19/2018,239,,1,,,
HOUSE_21,420,8/17/2018,307,,1,,,
HOUSE_21,431,9/14/2018,98,,1,,,
HOUSE_21,431,10/16/2018,118,,1,,,
HOUSE_21,14,11/16/2018,130,,1,,,
HOUSE_21,32,12/15/2018,128,,1,,,
HOUSE_21,50,1/11/2019,146,,1,,,
HOUSE_21,67,2/16/2019,142,,1,,,
HOUSE_21,79,3/17/2019,163,,1,,,
HOUSE_21,94,4/20/2019,165,,1,,,
HOUSE_21,107,5/17/2019,163,,1,,,
HOUSE_21,117,6/22/2019,148,,1,,,
HOUSE_21,134,7/21/2019,138,,1,,,
HOUSE_21,144,8/15/2019,145,,1,,,
HOUSE_21,161,9/16/2019,80,,1,,,
HOUSE_21,192,10/17/2019,97,,1,,,
HOUSE_21,222,11/17/2019,140,,1,,,
HOUSE_21,241,12/20/2019,96,,1,,,
HOUSE_22,2834,1/26/2016,99,,2,,,
HOUSE_22,2857,2/24/2016,127,,2,,,
HOUSE_22,2877,3/30/2016,72,,2,,,
HOUSE_22,2898,5/1/2016,131,,2,,,
HOUSE_22,2927,5/31/2016,137,,2,,,
HOUSE_22,3031,6/26/2016,99,,2,,,
HOUSE_22,3055,7/25/2016,93,,2,,,
HOUSE_22,3088,8/26/2016,115,,2,,,
HOUSE_22,3105,9/19/2016,204,,2,,,
HOUSE_22,3128,10/16/2016,134,,2,,,
HOUSE_22,3151,11/14/2016,124,,2,,,
HOUSE_22,3175,12/17/2016,133,,2,,,
HOUSE_22,3210,1/23/2017,121,,2,,,
HOUSE_22,3236,2/25/2017,110,,2,,,
HOUSE_22,3251,3/22/2017,70,,2,,,
HOUSE_22,3270,4/21/2017,101,,2,,,
HOUSE_22,3287,5/21/2017,151,,2,,,
HOUSE_22,3307,6/23/2017,80,,2,,,
HOUSE_22,3326,7/23/2017,125,,2,,,
HOUSE_22,3344,8/21/2017,235,,2,,,
HOUSE_22,3362,9/15/2017,212,,2,,,
HOUSE_22,3382,10/14/2017,325,,2,,,
HOUSE_22,3399,11/12/2017,241,,2,,,
HOUSE_22,3416,12/11/2017,237,,2,,,
HOUSE_22,3433,1/10/2018,270,,2,,,
HOUSE_22,3454,2/12/2018,225,,2,,,
HOUSE_22,3472,3/16/2018,267,,2,,,
HOUSE_22,3492,4/11/2018,224,,2,,,
HOUSE_22,3516,5/17/2018,240,,2,,,
HOUSE_22,3533,6/16/2018,236,,2,,,
HOUSE_22,3554,7/19/2018,222,,2,,,
HOUSE_22,3574,8/17/2018,273,,2,,,
HOUSE_22,3590,9/14/2018,187,,2,,,
HOUSE_22,3609,10/16/2018,252,,2,,,
HOUSE_22,3631,11/16/2018,197,,2,,,
HOUSE_22,3648,12/15/2018,247,,2,,,
HOUSE_22,3667,1/11/2019,279,,2,,,
HOUSE_22,3692,2/16/2019,253,,2,,,
HOUSE_22,3711,3/17/2019,261,,2,,,
HOUSE_22,3733,4/20/2019,248,,2,,,
HOUSE_22,3751,5/17/2019,286,,2,,,
HOUSE_22,3774,6/22/2019,251,,2,,,
HOUSE_22,3792,7/21/2019,245,,2,,,
HOUSE_22,3809,8/15/2019,236,,2,,,
HOUSE_22,3830,9/16/2019,179,,2,,,
HOUSE_22,3850,10/17/2019,200,,2,,,
HOUSE_22,3870,11/17/2019,192,,2,,,
HOUSE_22,3890,12/20/2019,220,,2,,,
HOUSE_23,318,1/30/2016,188,,1,,,
HOUSE_23,331,2/28/2016,212,,1,,,
HOUSE_23,340,4/3/2016,192,,1,,,
HOUSE_23,350,5/8/2016,193,,1,,,
HOUSE_23,357,6/2/2016,203,,1,,,
HOUSE_23,366,7/2/2016,201,,1,,,
HOUSE_23,374,7/30/2016,127,,1,,,
HOUSE_23,382,8/29/2016,126,,1,,,
HOUSE_23,390,9/23/2016,187,,1,,,
HOUSE_23,398,10/21/2016,126,,1,,,
HOUSE_23,407,11/22/2016,127,,1,,,
HOUSE_23,416,12/24/2016,174,,1,,,
HOUSE_23,425,1/29/2017,173,,1,,,
HOUSE_23,433,2/28/2017,136,,1,,,
HOUSE_23,442,3/27/2017,176,,1,,,
HOUSE_23,451,4/28/2017,181,,1,,,
HOUSE_23,462,5/28/2017,203,,1,,,
HOUSE_23,469,6/27/2017,206,,1,,,
HOUSE_23,479,7/28/2017,224,,1,,,
HOUSE_23,474,8/25/2017,216,,1,,,
HOUSE_23,481,9/22/2017,215,,1,,,
HOUSE_23,491,10/22/2017,212,,1,,,
HOUSE_23,503,11/20/2017,227,,1,,,
HOUSE_23,523,12/18/2017,276,,1,,,
HOUSE_23,537,1/21/2018,241,,1,,,
HOUSE_23,547,2/15/2018,214,,1,,,
HOUSE_23,562,3/19/2018,234,,1,,,
HOUSE_23,576,4/22/2018,274,,1,,,
HOUSE_23,590,5/25/2018,151,,1,,,
HOUSE_23,605,6/20/2018,198,,1,,,
HOUSE_23,618,7/18/2018,202,,1,,,
HOUSE_23,633,8/16/2018,206,,1,,,
HOUSE_23,648,9/19/2018,205,,1,,,
HOUSE_23,648,10/19/2018,251,,1,,,
HOUSE_23,648,11/20/2018,307,,1,,,
HOUSE_23,648,12/21/2018,177,,1,,,
HOUSE_23,648,1/17/2019,250,,1,,,
HOUSE_23,648,2/21/2019,228,,1,,,
HOUSE_23,17,3/22/2019,175,,1,,,
HOUSE_23,28,4/25/2019,256,,1,,,
HOUSE_23,37,5/23/2019,240,,1,,,
HOUSE_23,45,6/24/2019,274,,1,,,
HOUSE_23,53,7/22/2019,123,,1,,,
HOUSE_23,63,8/22/2019,169,,1,,,
HOUSE_23,79,9/21/2019,131,,1,,,
HOUSE_23,92,10/21/2019,165,,1,,,
HOUSE_23,102,11/20/2019,169,,1,,,
HOUSE_23,115,12/21/2019,182,,1,,,
HOUSE_24,675,1/30/2016,342,,2,,,
HOUSE_24,692,2/28/2016,226,,2,,,
HOUSE_24,708,4/3/2016,168,,2,,,
HOUSE_24,728,5/8/2016,160,,2,,,
HOUSE_24,739,6/2/2016,239,,2,,,
HOUSE_24,756,7/2/2016,307,,2,,,
HOUSE_24,771,7/30/2016,98,,2,,,
HOUSE_24,787,8/29/2016,118,,2,,,
HOUSE_24,800,9/23/2016,130,,2,,,
HOUSE_24,812,10/21/2016,128,,2,,,
HOUSE_24,827,11/22/2016,146,,2,,,
HOUSE_24,842,12/24/2016,142,,2,,,
HOUSE_24,861,1/29/2017,163,,2,,,
HOUSE_24,876,2/28/2017,165,,2,,,
HOUSE_24,890,3/27/2017,163,,2,,,
HOUSE_24,910,4/28/2017,148,,2,,,
HOUSE_24,929,5/28/2017,138,,2,,,
HOUSE_24,946,6/27/2017,145,,2,,,
HOUSE_24,968,7/28/2017,80,,2,,,
HOUSE_24,988,8/25/2017,97,,2,,,
HOUSE_24,1007,9/22/2017,140,,2,,,
HOUSE_24,1026,10/22/2017,96,,2,,,
HOUSE_24,1042,11/20/2017,99,,2,,,
HOUSE_24,1057,12/18/2017,127,,2,,,
HOUSE_24,1073,1/21/2018,72,,2,,,
HOUSE_24,1086,2/15/2018,131,,2,,,
HOUSE_24,1102,3/19/2018,137,,2,,,
HOUSE_24,1122,4/22/2018,99,,2,,,
HOUSE_24,1143,5/25/2018,93,,2,,,
HOUSE_24,1157,6/20/2018,115,,2,,,
HOUSE_24,1173,7/18/2018,204,,2,,,
HOUSE_24,1189,8/16/2018,134,,2,,,
HOUSE_24,1206,9/19/2018,124,,2,,,
HOUSE_24,1217,10/19/2018,133,,2,,,
HOUSE_24,1239,11/20/2018,121,,2,,,
HOUSE_24,1255,12/21/2018,110,,2,,,
HOUSE_24,1267,1/17/2019,70,,2,,,
HOUSE_24,1287,2/21/2019,101,,2,,,
HOUSE_24,1301,3/22/2019,151,,2,,,
HOUSE_24,1319,4/25/2019,80,,2,,,
HOUSE_24,1327,5/23/2019,125,,2,,,
HOUSE_24,1327,6/24/2019,235,,2,,,
HOUSE_24,22,7/22/2019,212,,2,,,
HOUSE_24,36,8/22/2019,325,,2,,,
HOUSE_24,60,9/21/2019,241,,2,,,
HOUSE_24,77,10/21/2019,237,,2,,,
HOUSE_24,93,11/20/2019,270,,2,,,
HOUSE_24,111,12/21/2019,225,,2,,,
HOUSE_25,95,1/17/2016,267,,3,,,
HOUSE_25,122,2/18/2016,224,,3,,,
HOUSE_25,150,3/20/2016,240,,3,,,
HOUSE_25,170,4/14/2016,236,,3,,,
HOUSE_25,200,5/23/2016,222,,3,,,
HOUSE_25,228,6/22/2016,273,,3,,,
HOUSE_25,253,7/23/2016,187,,3,,,
HOUSE_25,278,8/23/2016,252,,3,,,
HOUSE_25,303,9/19/2016,197,,3,,,
HOUSE_25,325,10/18/2016,247,,3,,,
HOUSE_25,351,11/20/2016,279,,3,,,
HOUSE_25,376,12/18/2016,253,,3,,,
HOUSE_25,397,1/21/2017,261,,3,,,
HOUSE_25,419,2/20/2017,248,,3,,,
HOUSE_25,442,3/19/2017,286,,3,,,
HOUSE_25,460,4/13/2017,251,,3,,,
HOUSE_25,482,5/19/2017,245,,3,,,
HOUSE_25,500,6/18/2017,236,,3,,,
HOUSE_25,530,7/18/2017,179,,3,,,
HOUSE_25,553,8/14/2017,200,,3,,,
HOUSE_25,573,9/14/2017,192,,3,,,
HOUSE_25,597,10/13/2017,220,,3,,,
HOUSE_25,616,11/10/2017,188,,3,,,
HOUSE_25,640,12/9/2017,212,,3,,,
HOUSE_25,668,1/11/2018,192,,3,,,
HOUSE_25,690,2/11/2018,193,,3,,,
HOUSE_25,717,3/13/2018,203,,3,,,
HOUSE_25,735,4/10/2018,201,,3,,,
HOUSE_25,758,5/9/2018,127,,3,,,
HOUSE_25,775,6/9/2018,126,,3,,,
HOUSE_25,795,7/9/2018,187,,3,,,
HOUSE_25,820,8/10/2018,126,,3,,,
HOUSE_25,840,9/11/2018,127,,3,,,
HOUSE_25,865,10/15/2018,174,,3,,,
HOUSE_25,890,11/12/2018,173,,3,,,
HOUSE_25,914,12/11/2018,136,,3,,,
HOUSE_25,941,1/11/2019,176,,3,,,
HOUSE_25,970,2/14/2019,181,,3,,,
HOUSE_25,976,3/14/2019,203,,3,,,
HOUSE_25,1018,4/12/2019,206,,3,,,
HOUSE_25,1044,5/14/2019,224,,3,,,
HOUSE_25,1069,6/16/2019,216,,3,,,
HOUSE_25,1092,7/14/2019,215,,3,,,
HOUSE_25,1112,8/12/2019,212,,3,,,
HOUSE_25,1135,9/12/2019,227,,3,,,
HOUSE_25,1158,10/13/2019,276,,3,,,
HOUSE_25,1192,11/11/2019,241,,3,,,
HOUSE_25,1214,12/12/2019,214,,3,,,
HOUSE_26,1599,1/16/2016,234,,3,,,
HOUSE_26,1621,2/16/2016,274,,3,,,
HOUSE_26,1643,3/18/2016,151,,3,,,
HOUSE_26,1661,4/13/2016,198,,3,,,
HOUSE_26,1690,5/20/2016,202,,3,,,
HOUSE_26,1711,6/20/2016,206,,3,,,
HOUSE_26,1728,7/21/2016,205,,3,,,
HOUSE_26,1758,8/21/2016,251,,3,,,
HOUSE_26,1775,9/16/2016,307,,3,,,
HOUSE_26,1798,10/17/2016,177,,3,,,
HOUSE_26,1810,11/15/2016,250,,3,,,
HOUSE_26,1840,12/14/2016,228,,3,,,
HOUSE_26,1852,1/19/2017,175,,3,,,
HOUSE_26,1869,2/18/2017,256,,3,,,
HOUSE_26,1885,3/17/2017,240,,3,,,
HOUSE_26,1902,4/12/2017,274,,3,,,
HOUSE_26,1927,5/16/2017,123,,3,,,
HOUSE_26,1947,6/16/2017,169,,3,,,
HOUSE_26,1967,7/17/2017,131,,3,,,
HOUSE_26,1982,8/12/2017,165,,3,,,
HOUSE_26,1996,9/10/2017,169,,3,,,
HOUSE_26,2010,10/8/2017,182,,3,,,
HOUSE_26,2028,11/8/2017,342,,3,,,
HOUSE_26,2043,12/8/2017,226,,3,,,
HOUSE_26,2056,1/8/2018,168,,3,,,
HOUSE_26,2061,2/10/2018,160,,3,,,
HOUSE_26,2061,3/9/2018,239,,3,,,
HOUSE_26,2061,4/7/2018,307,,3,,,
HOUSE_26,2061,5/6/2018,98,,3,,,
HOUSE_26,2065,6/7/2018,118,,3,,,
HOUSE_26,2076,7/7/2018,130,,3,,,
HOUSE_26,2089,8/7/2018,128,,3,,,
HOUSE_26,2105,9/8/2018,146,,3,,,
HOUSE_26,2120,10/12/2018,142,,3,,,
HOUSE_26,2131,11/9/2018,163,,3,,,
HOUSE_26,2143,12/9/2018,165,,3,,,
HOUSE_26,2153,1/8/2019,163,,3,,,
HOUSE_26,2166,2/11/2019,148,,3,,,
HOUSE_26,2179,3/11/2019,138,,3,,,
HOUSE_26,2196,4/10/2019,145,,3,,,
HOUSE_26,2208,5/12/2019,80,,3,,,
HOUSE_26,2212,6/14/2019,97,,3,,,
HOUSE_26,2218,7/12/2019,140,,3,,,
HOUSE_26,2221,8/10/2019,96,,3,,,
HOUSE_26,2229,9/10/2019,99,,3,,,
HOUSE_26,2244,10/12/2019,127,,3,,,
HOUSE_26,2252,11/9/2019,72,,3,,,
HOUSE_26,2262,12/9/2019,131,,3,,,
HOUSE_27,3735,1/18/2016,137,,4,,,
HOUSE_27,3770,2/19/2016,99,,4,,,
HOUSE_27,3806,3/21/2016,93,,4,,,
HOUSE_27,3836,4/18/2016,115,,4,,,
HOUSE_27,3871,5/24/2016,204,,4,,,
HOUSE_27,3904,6/24/2016,134,,4,,,
HOUSE_27,3936,7/24/2016,124,,4,,,
HOUSE_27,3971,8/24/2016,133,,4,,,
HOUSE_27,3998,9/20/2016,121,,4,,,
HOUSE_27,4025,10/21/2016,110,,4,,,
HOUSE_27,4055,11/21/2016,70,,4,,,
HOUSE_27,4085,12/22/2016,101,,4,,,
HOUSE_27,4113,1/22/2017,151,,4,,,
HOUSE_27,4138,2/21/2017,80,,4,,,
HOUSE_27,4161,3/20/2017,125,,4,,,
HOUSE_27,4182,4/14/2017,235,,4,,,
HOUSE_27,4208,5/21/2017,212,,4,,,
HOUSE_27,4241,6/19/2017,325,,4,,,
HOUSE_27,4268,7/20/2017,241,,4,,,
HOUSE_27,4292,8/15/2017,237,,4,,,
HOUSE_27,4321,9/15/2017,270,,4,,,
HOUSE_27,4348,10/14/2017,225,,4,,,
HOUSE_27,4378,11/12/2017,267,,4,,,
HOUSE_27,4404,12/10/2017,224,,4,,,
HOUSE_27,4439,1/13/2018,240,,4,,,
HOUSE_27,4472,2/13/2018,236,,4,,,
HOUSE_27,4502,3/15/2018,222,,4,,,
HOUSE_27,4532,4/13/2018,273,,4,,,
HOUSE_27,4561,5/11/2018,187,,4,,,
HOUSE_27,4582,6/12/2018,252,,4,,,
HOUSE_27,4582,7/12/2018,197,,4,,,
HOUSE_27,4609,8/11/2018,247,,4,,,
HOUSE_27,4595,9/13/2018,279,,4,,,
HOUSE_27,4595,10/16/2018,253,,4,,,
HOUSE_27,4638,11/13/2018,261,,4,,,
HOUSE_27,4655,12/13/2018,248,,4,,,
HOUSE_27,4668,1/12/2019,286,,4,,,
HOUSE_27,4685,2/15/2019,251,,4,,,
HOUSE_27,4695,3/15/2019,245,,4,,,
HOUSE_27,4710,4/13/2019,236,,4,,,
HOUSE_27,4721,5/16/2019,179,,4,,,
HOUSE_27,4741,6/17/2019,200,,4,,,
HOUSE_27,4754,7/15/2019,192,,4,,,
HOUSE_27,4766,8/13/2019,220,,4,,,
HOUSE_27,4779,9/13/2019,188,,4,,,
HOUSE_27,4799,10/14/2019,212,,4,,,
HOUSE_27,4815,11/14/2019,192,,4,,,
HOUSE_27,4829,12/13/2019,193,,4,,,
HOUSE_28,1166,1/19/2016,203,,4,,,
HOUSE_28,1194,2/19/2016,201,,4,,,
HOUSE_28,1221,3/20/2016,127,,4,,,
HOUSE_28,1260,4/25/2016,126,,4,,,
HOUSE_28,1284,5/24/2016,187,,4,,,
HOUSE_28,1300,6/24/2016,126,,4,,,
HOUSE_28,1314,7/19/2016,127,,4,,,
HOUSE_28,1331,8/19/2016,174,,4,,,
HOUSE_28,1347,9/18/2016,173,,4,,,
HOUSE_28,1362,10/17/2016,136,,4,,,
HOUSE_28,1378,11/15/2016,176,,4,,,
HOUSE_28,1395,12/16/2016,181,,4,,,
HOUSE_28,1416,1/20/2017,203,,4,,,
HOUSE_28,1435,2/18/2017,206,,4,,,
HOUSE_28,1456,3/17/2017,224,,4,,,
HOUSE_28,1474,4/14/2017,216,,4,,,
HOUSE_28,1493,5/13/2017,215,,4,,,
HOUSE_28,1512,6/15/2017,212,,4,,,
HOUSE_28,1529,7/15/2017,227,,4,,,
HOUSE_28,1545,8/12/2017,276,,4,,,
HOUSE_28,1562,9/10/2017,241,,4,,,
HOUSE_28,1581,10/9/2017,214,,4,,,
HOUSE_28,1599,11/9/2017,234,,4,,,
HOUSE_28,1599,12/10/2017,274,,4,,,
HOUSE_28,1599,1/8/2018,151,,4,,,
HOUSE_28,1599,2/9/2018,198,,4,,,
HOUSE_28,1599,3/11/2018,202,,4,,,
HOUSE_28,1599,4/8/2018,206,,4,,,
HOUSE_28,1604,5/8/2018,205,,4,,,
HOUSE_28,1628,6/8/2018,251,,4,,,
HOUSE_28,1655,7/12/2018,307,,4,,,
HOUSE_28,1674,8/10/2018,177,,4,,,
HOUSE_28,1691,9/8/2018,250,,4,,,
HOUSE_28,1712,10/8/2018,228,,4,,,
HOUSE_28,1733,11/9/2018,175,,4,,,
HOUSE_28,1753,12/11/2018,256,,4,,,
HOUSE_28,1773,1/10/2019,240,,4,,,
HOUSE_28,1799,2/12/2019,274,,4,,,
HOUSE_28,1820,3/12/2019,123,,4,,,
HOUSE_28,1842,4/9/2019,169,,4,,,
HOUSE_28,1872,5/13/2019,131,,4,,,
HOUSE_28,1896,6/15/2019,165,,4,,,
HOUSE_28,1916,7/12/2019,169,,4,,,
HOUSE_28,1937,8/11/2019,182,,4,,,
HOUSE_28,1959,9/9/2019,342,,4,,,
HOUSE_28,1984,10/10/2019,226,,4,,,
HOUSE_28,2008,11/9/2019,168,,4,,,
HOUSE_28,2032,12/9/2019,160,,4,,,
HOUSE_29,1605,1/21/2016,239,,2,,,
HOUSE_29,1617,2/18/2016,307,,2,,,
HOUSE_29,1632,3/21/2016,98,,2,,,
HOUSE_29,1647,4/23/2016,118,,2,,,
HOUSE_29,1660,5/24/2016,130,,2,,,
HOUSE_29,1671,6/20/2016,128,,2,,,
HOUSE_29,1687,7/24/2016,146,,2,,,
HOUSE_29,1702,8/23/2016,142,,2,,,
HOUSE_29,1712,9/19/2016,163,,2,,,
HOUSE_29,1725,10/21/2016,165,,2,,,
HOUSE_29,1738,11/20/2016,163,,2,,,
HOUSE_29,1751,12/22/2016,148,,2,,,
HOUSE_29,1766,1/22/2017,138,,2,,,
HOUSE_29,1782,2/21/2017,145,,2,,,
HOUSE_29,1797,3/19/2017,80,,2,,,
HOUSE_29,1812,4/20/2017,97,,2,,,
HOUSE_29,1828,5/20/2017,140,,2,,,
HOUSE_29,1834,6/16/2017,96,,2,,,
HOUSE_29,1848,7/20/2017,99,,2,,,
HOUSE_29,1855,8/6/2017,127,,2,,,
HOUSE_29,1871,9/8/2017,72,,2,,,
HOUSE_29,1887,10/12/2017,131,,2,,,
HOUSE_29,1900,11/9/2017,137,,2,,,
HOUSE_29,1913,12/8/2017,99,,2,,,
HOUSE_29,1926,1/5/2018,93,,2,,,
HOUSE_29,1941,2/9/2018,115,,2,,,
HOUSE_29,1952,3/4/2018,204,,2,,,
HOUSE_29,1967,4/7/2018,134,,2,,,
HOUSE_29,1979,5/5/2018,124,,2,,,
HOUSE_29,1992,6/7/2018,133,,2,,,
HOUSE_29,2002,7/4/2018,121,,2,,,
HOUSE_29,2017,8/8/2018,110,,2,,,
HOUSE_29,2029,9/8/2018,70,,2,,,
HOUSE_29,2041,10/9/2018,101,,2,,,
HOUSE_29,2054,11/11/2018,151,,2,,,
HOUSE_29,2067,12/9/2018,80,,2,,,
HOUSE_29,2081,1/11/2019,125,,2,,,
HOUSE_29,2094,2/4/2019,235,,2,,,
HOUSE_29,2110,3/7/2019,212,,2,,,
HOUSE_29,2127,4/8/2019,325,,2,,,
HOUSE_29,2145,5/11/2019,241,,2,,,
HOUSE_29,2145,6/15/2019,237,,2,,,
HOUSE_29,2154,7/12/2019,270,,2,,,
HOUSE_29,2167,8/10/2019,225,,2,,,
HOUSE_29,2181,9/9/2019,267,,2,,,
HOUSE_29,2195,10/9/2019,224,,2,,,
HOUSE_29,2204,11/8/2019,240,,2,,,
HOUSE_29,2215,12/7/2019,236,,2,,,
HOUSE_30,784,1/21/2016,222,,4,,,
HOUSE_30,776,2/18/2016,273,,4,,,
HOUSE_30,802,3/21/2016,187,,4,,,
HOUSE_30,828,4/23/2016,252,,4,,,
HOUSE_30,869,5/24/2016,197,,4,,,
HOUSE_30,895,6/20/2016,247,,4,,,
HOUSE_30,926,7/24/2016,279,,4,,,
HOUSE_30,950,8/23/2016,253,,4,,,
HOUSE_30,974,9/19/2016,261,,4,,,
HOUSE_30,1000,10/20/2016,248,,4,,,
HOUSE_30,1024,11/20/2016,286,,4,,,
HOUSE_30,1057,12/22/2016,251,,4,,,
HOUSE_30,1084,1/21/2017,245,,4,,,
HOUSE_30,1109,2/20/2017,236,,4,,,
HOUSE_30,1136,3/19/2017,179,,4,,,
HOUSE_30,1164,4/19/2017,200,,4,,,
HOUSE_30,1191,5/19/2017,192,,4,,,
HOUSE_30,1218,6/16/2017,220,,4,,,
HOUSE_30,1269,7/20/2017,188,,4,,,
HOUSE_30,1285,8/6/2017,212,,4,,,
HOUSE_30,1316,9/8/2017,192,,4,,,
HOUSE_30,1330,10/12/2017,193,,4,,,
HOUSE_30,1330,11/9/2017,203,,4,,,
HOUSE_30,1330,12/8/2017,201,,4,,,
HOUSE_30,1330,1/5/2018,300,,4,,,
HOUSE_30,31,2/8/2018,127,,4,,,
HOUSE_30,58,3/3/2018,126,,4,,,
HOUSE_30,98,4/6/2018,187,,4,,,
HOUSE_30,128,5/5/2018,126,,4,,,
HOUSE_30,161,6/7/2018,127,,4,,,
HOUSE_30,189,7/4/2018,174,,4,,,
HOUSE_30,222,8/5/2018,173,,4,,,
HOUSE_30,260,9/8/2018,136,,4,,,
HOUSE_30,287,10/8/2018,176,,4,,,
HOUSE_30,320,11/10/2018,181,,4,,,
HOUSE_30,346,12/8/2018,203,,4,,,
HOUSE_30,380,1/10/2019,206,,4,,,
HOUSE_30,404,2/3/2019,224,,4,,,
HOUSE_30,437,3/7/2019,216,,4,,,
HOUSE_30,462,4/5/2019,215,,4,,,
HOUSE_30,487,5/11/2019,212,,4,,,
HOUSE_30,510,6/14/2019,227,,4,,,
HOUSE_30,537,7/11/2019,276,,4,,,
HOUSE_30,571,8/9/2019,241,,4,,,
HOUSE_30,605,9/8/2019,214,,4,,,
HOUSE_30,642,10/9/2019,234,,4,,,
HOUSE_30,672,11/8/2019,274,,4,,,
HOUSE_30,702,12/7/2019,,,4,,,
HOUSE_Null,,,,,,,,
